"Player","Cluster"
"/players/a/adamsst01.html",2
"/players/a/adebaba01.html",2
"/players/a/aldrila01.html",1
"/players/a/alexani01.html",3
"/players/a/allengr01.html",3
"/players/a/allenja01.html",2
"/players/a/anderky01.html",3
"/players/a/antetgi01.html",1
"/players/a/anthoca01.html",1
"/players/a/anunoog01.html",1
"/players/a/arcidry01.html",3
"/players/a/arizatr01.html",3
"/players/a/augusdj01.html",3
"/players/a/aytonde01.html",2
"/players/b/bacondw01.html",3
"/players/b/balllo01.html",3
"/players/b/bambamo01.html",3
"/players/b/bareajo01.html",3
"/players/b/barneha02.html",1
"/players/b/barrerj01.html",1
"/players/b/bartowi01.html",1
"/players/b/bateske01.html",3
"/players/b/batumni01.html",3
"/players/b/baynear01.html",2
"/players/b/bazemke01.html",3
"/players/b/bazleda01.html",3
"/players/b/bealbr01.html",1
"/players/b/beaslma01.html",3
"/players/b/belinma01.html",3
"/players/b/bembrde01.html",3
"/players/b/bertada01.html",3
"/players/b/beverpa01.html",3
"/players/b/birchkh01.html",2
"/players/b/bitadgo01.html",2
"/players/b/biyombi01.html",2
"/players/b/bjeline01.html",1
"/players/b/bledser01.html",1
"/players/b/bogdabo01.html",1
"/players/b/bogdabo02.html",1
"/players/b/bongais01.html",2
"/players/b/bookede01.html",1
"/players/b/bouchch01.html",2
"/players/b/bowmaky01.html",3
"/players/b/bradlav01.html",3
"/players/b/bradlto01.html",2
"/players/b/bridgmi01.html",3
"/players/b/bridgmi02.html",1
"/players/b/brogdma01.html",1
"/players/b/brookdi01.html",1
"/players/b/brownbr01.html",3
"/players/b/brownja02.html",1
"/players/b/brownst02.html",3
"/players/b/browntr01.html",3
"/players/b/brunsja01.html",3
"/players/b/bryanth01.html",2
"/players/b/bullore01.html",3
"/players/b/burketr01.html",3
"/players/b/burksal01.html",1
"/players/b/butleji01.html",1
"/players/c/caldwke01.html",3
"/players/c/capelca01.html",2
"/players/c/carteje01.html",3
"/players/c/cartemi01.html",3
"/players/c/cartevi01.html",3
"/players/c/cartewe01.html",2
"/players/c/carusal01.html",3
"/players/c/caulewi01.html",2
"/players/c/chandwi01.html",3
"/players/c/chrisma01.html",2
"/players/c/clarkbr01.html",2
"/players/c/clarkga01.html",3
"/players/c/clarkjo01.html",1
"/players/c/collijo01.html",2
"/players/c/conlemi01.html",1
"/players/c/connapa01.html",3
"/players/c/cookqu01.html",3
"/players/c/covinro01.html",3
"/players/c/crabbal01.html",3
"/players/c/craigto01.html",3
"/players/c/crowdja01.html",3
"/players/c/culveja01.html",3
"/players/c/curryse01.html",3
"/players/d/danietr01.html",3
"/players/d/davisan02.html",1
"/players/d/daviste02.html",3
"/players/d/dedmode01.html",2
"/players/d/dellama01.html",3
"/players/d/derozde01.html",1
"/players/d/diallch01.html",2
"/players/d/diallha01.html",3
"/players/d/dienggo01.html",2
"/players/d/dinwisp01.html",1
"/players/d/divindo01.html",3
"/players/d/doncilu01.html",1
"/players/d/dortlu01.html",3
"/players/d/dotsoda01.html",3
"/players/d/doumbse01.html",3
"/players/d/dragigo01.html",1
"/players/d/drumman01.html",2
"/players/d/dunnkr01.html",3
"/players/e/ellinwa01.html",3
"/players/e/embiijo01.html",2
"/players/e/ennisja01.html",3
"/players/e/evansja02.html",3
"/players/e/exumda01.html",3
"/players/f/favorde01.html",2
"/players/f/fergute01.html",3
"/players/f/fernabr01.html",2
"/players/f/ferreyo01.html",3
"/players/f/finnedo01.html",3
"/players/f/forbebr01.html",3
"/players/f/fournev01.html",1
"/players/f/foxde01.html",1
"/players/f/fultzma01.html",1
"/players/g/gaffoda01.html",2
"/players/g/gallida01.html",1
"/players/g/gallola01.html",3
"/players/g/garlada01.html",1
"/players/g/gasolma01.html",3
"/players/g/gayru01.html",3
"/players/g/georgpa01.html",1
"/players/g/gibsota01.html",2
"/players/g/gilesha01.html",2
"/players/g/gilgesh01.html",1
"/players/g/goberru01.html",2
"/players/g/gordoaa01.html",1
"/players/g/gordoer01.html",3
"/players/g/grahade01.html",1
"/players/g/grahatr01.html",3
"/players/g/grantje01.html",3
"/players/g/greenda02.html",3
"/players/g/greendr01.html",3
"/players/g/greenja01.html",3
"/players/g/greenja02.html",2
"/players/g/greenje02.html",3
"/players/g/griffbl01.html",1
"/players/g/gudurma01.html",3
"/players/h/hachiru01.html",1
"/players/h/hardati02.html",1
"/players/h/hardeja01.html",1
"/players/h/harklma01.html",3
"/players/h/harremo01.html",2
"/players/h/harriga01.html",3
"/players/h/harrijo01.html",1
"/players/h/harrish01.html",3
"/players/h/harrito02.html",1
"/players/h/hartjo01.html",3
"/players/h/hayesja02.html",2
"/players/h/haywago01.html",1
"/players/h/hensojo01.html",2
"/players/h/hernaju01.html",3
"/players/h/herroty01.html",3
"/players/h/hezonma01.html",3
"/players/h/hieldbu01.html",1
"/players/h/hillge01.html",3
"/players/h/hillso01.html",3
"/players/h/holidaa01.html",3
"/players/h/holidjr01.html",1
"/players/h/holidju01.html",3
"/players/h/holliro01.html",2
"/players/h/holmeri01.html",2
"/players/h/hoodro01.html",3
"/players/h/horfoal01.html",1
"/players/h/houseda01.html",3
"/players/h/howardw01.html",2
"/players/h/huertke01.html",3
"/players/h/huntede01.html",3
"/players/h/hutchch01.html",2
"/players/i/ibakase01.html",2
"/players/i/ilyaser01.html",2
"/players/i/inglejo01.html",3
"/players/i/ingrabr01.html",1
"/players/i/irvinky01.html",1
"/players/i/isaacjo01.html",2
"/players/i/iwundwe01.html",3
"/players/j/jacksfr01.html",3
"/players/j/jacksja02.html",1
"/players/j/jacksju01.html",3
"/players/j/jacksre01.html",3
"/players/j/jamesle01.html",1
"/players/j/johnsca02.html",3
"/players/j/johnsja01.html",3
"/players/j/johnsty01.html",3
"/players/j/jokicni01.html",1
"/players/j/jonesda03.html",2
"/players/j/jonesde02.html",2
"/players/j/jonesty01.html",3
"/players/j/jordade01.html",2
"/players/j/josepco01.html",3
"/players/k/kaminfr01.html",3
"/players/k/kanteen01.html",2
"/players/k/kennalu01.html",1
"/players/k/klebima01.html",3
"/players/k/knighbr03.html",3
"/players/k/knoxke01.html",3
"/players/k/korkmfu01.html",3
"/players/k/kornelu01.html",3
"/players/k/korveky01.html",3
"/players/k/kurucro01.html",3
"/players/k/kuzmaky01.html",3
"/players/l/labissk01.html",2
"/players/l/lambje01.html",1
"/players/l/lavinza01.html",1
"/players/l/laymaja01.html",3
"/players/l/leeda03.html",1
"/players/l/lenal01.html",2
"/players/l/leonaka01.html",1
"/players/l/leoname01.html",3
"/players/l/leverca01.html",1
"/players/l/lillada01.html",1
"/players/l/littlna01.html",3
"/players/l/lopezbr01.html",1
"/players/l/lopezro01.html",3
"/players/l/loveke01.html",1
"/players/l/lowryky01.html",1
"/players/l/luwawti01.html",3
"/players/l/lylestr01.html",3
"/players/m/mahinia01.html",2
"/players/m/makerth01.html",2
"/players/m/markkla01.html",1
"/players/m/martico01.html",3
"/players/m/martike03.html",3
"/players/m/matthwe02.html",3
"/players/m/mccawpa01.html",3
"/players/m/mccolcj01.html",1
"/players/m/mccontj01.html",3
"/players/m/mcderdo01.html",3
"/players/m/mcgeeja01.html",2
"/players/m/mcgruro01.html",3
"/players/m/mckinal01.html",3
"/players/m/mclaujo01.html",3
"/players/m/mclembe01.html",3
"/players/m/mcraejo01.html",3
"/players/m/mellini01.html",3
"/players/m/meltode01.html",3
"/players/m/middlkh01.html",1
"/players/m/millspa01.html",2
"/players/m/millspa02.html",3
"/players/m/miltosh01.html",3
"/players/m/mitchdo01.html",1
"/players/m/monkma01.html",3
"/players/m/mooreet01.html",3
"/players/m/moranja01.html",1
"/players/m/morrima02.html",3
"/players/m/morrima03.html",1
"/players/m/morrimo01.html",3
"/players/m/mudiaem01.html",3
"/players/m/murrade01.html",1
"/players/m/murraja01.html",1
"/players/m/musadz01.html",3
"/players/m/muscami01.html",3
"/players/m/mykhasv01.html",3
"/players/n/naderab01.html",3
"/players/n/nancela02.html",2
"/players/n/napiesh01.html",1
"/players/n/netora01.html",3
"/players/n/niangge01.html",3
"/players/n/noelne01.html",2
"/players/n/ntilila01.html",3
"/players/n/nunnke01.html",1
"/players/o/ojelese01.html",3
"/players/o/okoboel01.html",3
"/players/o/okogijo01.html",2
"/players/o/oladivi01.html",1
"/players/o/olynyke01.html",3
"/players/o/onealro01.html",3
"/players/o/osmande01.html",3
"/players/o/oubreke01.html",1
"/players/p/parkeja01.html",2
"/players/p/pascher01.html",2
"/players/p/pattepa01.html",3
"/players/p/paulch01.html",1
"/players/p/paytoel01.html",1
"/players/p/plumlma01.html",2
"/players/p/poeltja01.html",2
"/players/p/poolejo01.html",3
"/players/p/porteke02.html",3
"/players/p/portemi01.html",2
"/players/p/portibo01.html",3
"/players/p/porzikr01.html",1
"/players/p/poweldw01.html",2
"/players/p/powelno01.html",1
"/players/p/princta02.html",3
"/players/r/randlju01.html",1
"/players/r/reddica01.html",3
"/players/r/redicjj01.html",1
"/players/r/reidna01.html",3
"/players/r/richajo01.html",1
"/players/r/riverau01.html",3
"/players/r/robindu01.html",3
"/players/r/robingl02.html",1
"/players/r/robinje01.html",3
"/players/r/robinmi01.html",2
"/players/r/rondora01.html",3
"/players/r/rosede01.html",1
"/players/r/rosste01.html",3
"/players/r/roziete01.html",1
"/players/r/rubiori01.html",1
"/players/r/russeda01.html",1
"/players/s/sabondo01.html",2
"/players/s/sampsja02.html",2
"/players/s/saricda01.html",2
"/players/s/satorto01.html",1
"/players/s/schrode01.html",1
"/players/s/scottmi01.html",3
"/players/s/sefolth01.html",3
"/players/s/sextoco01.html",1
"/players/s/shamela01.html",3
"/players/s/siakapa01.html",1
"/players/s/simmobe01.html",1
"/players/s/simonan01.html",3
"/players/s/smartma01.html",3
"/players/s/smithde03.html",3
"/players/s/smithis01.html",3
"/players/s/snellto01.html",3
"/players/s/spellom01.html",3
"/players/t/tatumja01.html",1
"/players/t/teaguje01.html",1
"/players/t/templga01.html",3
"/players/t/theisda01.html",2
"/players/t/thomais02.html",1
"/players/t/thomptr01.html",2
"/players/t/thybuma01.html",3
"/players/t/tollian01.html",3
"/players/t/townska01.html",1
"/players/t/trentga02.html",3
"/players/t/tuckepj01.html",3
"/players/t/turnemy01.html",1
"/players/v/valanjo01.html",2
"/players/v/valende01.html",3
"/players/v/vanvlfr01.html",1
"/players/v/vucevni01.html",1
"/players/w/wagnemo01.html",2
"/players/w/walkeke02.html",1
"/players/w/walkelo01.html",3
"/players/w/wanambr01.html",3
"/players/w/warretj01.html",1
"/players/w/washipj01.html",1
"/players/w/westbru01.html",1
"/players/w/whiteco01.html",3
"/players/w/whitede01.html",1
"/players/w/whiteha01.html",2
"/players/w/wiggian01.html",1
"/players/w/willigr01.html",3
"/players/w/willike04.html",3
"/players/w/willilo02.html",1
"/players/w/willima02.html",3
"/players/w/willizi01.html",1
"/players/w/woodch01.html",2
"/players/w/wrighde01.html",3
"/players/y/youngth01.html",3
"/players/y/youngtr01.html",1
"/players/z/zelleco01.html",2
"/players/z/zubaciv01.html",2
